"submission_id","project_name","description","year_range","reference","open_data","contact1","contact2","site_id","latitude","longitude","datasource","investigators","province_iso_code","tree_id","species","meas_no","meas_date","status","dbh_cm","ht_tot_m","sample_id","sample_type","sample_ht_m","sample_diameter_cm","radius_id","cofecha_id","ring_meas_method","crossdating_visual","crossdating_validation","age_corrected","bark_thickness_mm","radius_inside_cm","dtc_measured_mm","dtc_estimated_mm","rw_ystart","rw_yend","comments","1948","1949","1950","1951","1952","1953","1954","1955","1956","1957","1958","1959","1960","1961","1962","1963","1964","1965","1966","1967","1968","1969","1970","1971","1972","1973","1974","1975","1976","1977","1978","1979","1980","1981","1982","1983","1984","1985","1986","1987","1988","1989","1990","1991","1992","1993","1994","1995","1996","1997","1998","1999","2000","2001","2002","2003","2004","2005","2006","2007","2008","2009","2010","2011","2012","2013","2014","2015","2016","2017","2018","2019","2020"
21,"Douglas-fir retrospective monitoring","Evaluating and optimizing stand selection criteria with retrospective monitoring in fertilized coastal Douglas-fir stands","1919 ; 2020","Hember, R.A.; Axelson, J.N.; Jang, W. Evaluating Coastal Douglas Fir Growth Responses to Nitrogen Application Using Tree Ring Chronologies. Forests 2024, 15, 13. https://doi.org/10.3390/f15010013",TRUE,"Robert.Hember@gov.bc.ca","Jodi.Axelson@gov.bc.ca","X003b",48.966563,-123.933727,"others","Hember, R.A.; Axelson, J.N.; Jang, W.","CA-BC","X003_101_001","PSEUMEN",,"2020-00-00","Live",72.6,33.7,"X003_101_001","core",,,"X003_101_001",,"CooRecorder",TRUE,"CDENDRO & COFECHA",,,26.102,228.62,32.4,1961,2020,,,,,,,,,,,,,,,5.39,5.8,5.85,5.39,4.19,4.91,4.2,5.3,4.52,4.13,4.84,4.89,4.8,5.15,4.9,5.85,5.41,5.6,5.09,4.83,5.67,4.52,5.15,4.45,3.65,4,4.41,4.31,4.62,5.28,4.88,5.5,5.19,4.89,3.49,3.84,2.43,2.08,2.32,2.39,2.2,2.37,2.57,2.28,3.01,2.83,2.54,2.71,2.92,2.61,2.79,2.25,2.49,2.61,1.6,1.69,1.29,1.41,1.33,1.01
21,"Douglas-fir retrospective monitoring","Evaluating and optimizing stand selection criteria with retrospective monitoring in fertilized coastal Douglas-fir stands","1919 ; 2020","Hember, R.A.; Axelson, J.N.; Jang, W. Evaluating Coastal Douglas Fir Growth Responses to Nitrogen Application Using Tree Ring Chronologies. Forests 2024, 15, 13. https://doi.org/10.3390/f15010013",TRUE,"Robert.Hember@gov.bc.ca","Jodi.Axelson@gov.bc.ca","X003b",48.966563,-123.933727,"others","Hember, R.A.; Axelson, J.N.; Jang, W.","CA-BC","X003_101_002","PSEUMEN",,"2020-00-00","Live",51.8,36.4,"X003_101_002","core",,,"X003_101_002",,"CooRecorder",TRUE,"CDENDRO & COFECHA",,,21.254,188.34,24.2,1956,2020,,,,,,,,,,5.15,6.45,5.63,6.05,5.38,4.86,4.53,4.81,5.55,5.04,4.06,3.42,4.46,4.36,3.73,3.97,3.31,3.29,3.19,2.87,4.11,2.76,3.81,3.63,3.83,3.34,2.76,2.92,2.84,2.64,2.95,2.57,2.33,1.89,2.58,2.28,2.85,2,2.9,2.19,2.21,1.76,2.2,2.48,2.67,2.5,2.14,1.4,1.3,1.75,1.29,0.94,1.26,1.28,1.66,1.41,1.69,1.93,1.97,1.57,1.38,1,0.88,1.04,1.34
21,"Douglas-fir retrospective monitoring","Evaluating and optimizing stand selection criteria with retrospective monitoring in fertilized coastal Douglas-fir stands","1919 ; 2020","Hember, R.A.; Axelson, J.N.; Jang, W. Evaluating Coastal Douglas Fir Growth Responses to Nitrogen Application Using Tree Ring Chronologies. Forests 2024, 15, 13. https://doi.org/10.3390/f15010013",TRUE,"Robert.Hember@gov.bc.ca","Jodi.Axelson@gov.bc.ca","X003b",48.966563,-123.933727,"others","Hember, R.A.; Axelson, J.N.; Jang, W.","CA-BC","X003_101_003","PSEUMEN",,"2020-00-00","Live",51.3,31.2,"X003_101_003","core",,,"X003_101_003",,"CooRecorder",TRUE,"CDENDRO & COFECHA",,,21.599,194.19,21.8,1965,2020,,,,,,,,,,,,,,,,,,,5.75,5.98,5.25,5.67,5.28,5.69,5.9,4.16,3.76,5.1,4.32,5.13,5.17,5.29,4.37,5.44,5.91,4.49,4.25,3.85,3.78,3.36,4.38,4.35,3.67,4.24,3.77,3.99,2.99,4.14,3.16,3.59,2.33,1.89,2.05,2.22,2.75,2.39,2.39,1.96,2.48,2.24,2.23,1.97,2.73,3,2.05,2.05,1.83,2.08,1.43,1.31,1.08,0.96,1.08,1.51
21,"Douglas-fir retrospective monitoring","Evaluating and optimizing stand selection criteria with retrospective monitoring in fertilized coastal Douglas-fir stands","1919 ; 2020","Hember, R.A.; Axelson, J.N.; Jang, W. Evaluating Coastal Douglas Fir Growth Responses to Nitrogen Application Using Tree Ring Chronologies. Forests 2024, 15, 13. https://doi.org/10.3390/f15010013",TRUE,"Robert.Hember@gov.bc.ca","Jodi.Axelson@gov.bc.ca","X003b",48.966563,-123.933727,"others","Hember, R.A.; Axelson, J.N.; Jang, W.","CA-BC","X003_101_004","PSEUMEN",,"2020-00-00","Live",53.2,32.1,"X003_101_004","core",,,"X003_101_004",,"CooRecorder",TRUE,"CDENDRO & COFECHA",,,20.978,209.78,,1951,2020,,,,,3.25,3.93,4.77,4.53,4.88,3.6,4.73,4.43,4.84,4.3,4.06,3.92,4.21,4.67,4.39,4.58,4,3.94,3.45,3.29,4.09,3.37,3.56,3.41,3.24,4.28,3.85,4.28,4.41,3.79,5.46,3.97,4.12,3.45,2.84,3.03,3.64,2.97,2.63,3.15,2.98,3.66,3.05,3.45,2.12,1.95,1.3,1.28,1.49,1.71,1.86,1.93,1.79,1.49,1.87,1.4,1.25,1.45,1.66,1.93,1.93,1.5,1.48,1.76,1.25,1.64,1.22,0.72,0.69,0.66
21,"Douglas-fir retrospective monitoring","Evaluating and optimizing stand selection criteria with retrospective monitoring in fertilized coastal Douglas-fir stands","1919 ; 2020","Hember, R.A.; Axelson, J.N.; Jang, W. Evaluating Coastal Douglas Fir Growth Responses to Nitrogen Application Using Tree Ring Chronologies. Forests 2024, 15, 13. https://doi.org/10.3390/f15010013",TRUE,"Robert.Hember@gov.bc.ca","Jodi.Axelson@gov.bc.ca","X003b",48.966563,-123.933727,"others","Hember, R.A.; Axelson, J.N.; Jang, W.","CA-BC","X003_101_005","PSEUMEN",,"2020-00-00","Live",47,34.2,"X003_101_005","core",,,"X003_101_005",,"CooRecorder",TRUE,"CDENDRO & COFECHA",,,17.487,174.87,,1951,2020,,,,,1.95,2.18,1.96,3.65,5.92,3.71,6.64,6.31,5.31,4.81,4.8,3.79,5.23,4.59,3.48,3.16,3.02,2.68,3.87,3.45,3.42,2.6,2.74,2.51,2.73,2.62,2.71,2.98,2.68,3.54,2.81,2.37,3.11,3.03,2.23,2.15,2.51,2.63,1.69,2.28,1.88,1.96,2.04,2.39,1.89,1.86,1.43,0.84,1.23,1.33,1.25,1.21,1.16,0.96,1.17,1.17,1.01,1.13,1.34,1.81,1.14,1.38,1.13,1.34,1.23,1.02,0.91,1.52,0.93,1.36
21,"Douglas-fir retrospective monitoring","Evaluating and optimizing stand selection criteria with retrospective monitoring in fertilized coastal Douglas-fir stands","1919 ; 2020","Hember, R.A.; Axelson, J.N.; Jang, W. Evaluating Coastal Douglas Fir Growth Responses to Nitrogen Application Using Tree Ring Chronologies. Forests 2024, 15, 13. https://doi.org/10.3390/f15010013",TRUE,"Robert.Hember@gov.bc.ca","Jodi.Axelson@gov.bc.ca","X003b",48.966563,-123.933727,"others","Hember, R.A.; Axelson, J.N.; Jang, W.","CA-BC","X003_101_006","PSEUMEN",,"2020-00-00","Live",51.8,34,"X003_101_006","core",,,"X003_101_006",,"CooRecorder",TRUE,"CDENDRO & COFECHA",,,16.707,167.07,,1952,2020,,,,,,4.26,3.66,3.96,4.61,4.2,6.37,3.48,3.88,4.15,3.94,5.36,4.74,5.02,4.02,4.02,4.3,3.92,3.24,3.01,3.05,2.88,2.88,2.88,2.31,2.96,2.65,3.15,2.63,3.16,2.9,2.37,2.27,1.99,1.8,1.21,1.78,1.91,1.57,1.72,1.61,1.59,1.42,2.02,1.59,1.78,1.44,1.12,0.93,1.1,1.35,1.23,1.02,1.02,1.31,1.51,1.11,1.49,1.27,1.49,1.29,1.3,1.07,1.14,1.53,1.49,0.95,0.99,0.79,0.91
21,"Douglas-fir retrospective monitoring","Evaluating and optimizing stand selection criteria with retrospective monitoring in fertilized coastal Douglas-fir stands","1919 ; 2020","Hember, R.A.; Axelson, J.N.; Jang, W. Evaluating Coastal Douglas Fir Growth Responses to Nitrogen Application Using Tree Ring Chronologies. Forests 2024, 15, 13. https://doi.org/10.3390/f15010013",TRUE,"Robert.Hember@gov.bc.ca","Jodi.Axelson@gov.bc.ca","X003b",48.966563,-123.933727,"others","Hember, R.A.; Axelson, J.N.; Jang, W.","CA-BC","X003_101_007","PSEUMEN",,"2020-00-00","Live",49.2,41.4,"X003_101_007","core",,,"X003_101_007",,"CooRecorder",TRUE,"CDENDRO & COFECHA",,,18.087,159.87,21,1955,2020,,,,,,,,,5.09,4.34,4.02,3.94,4.3,3.99,3.45,3.44,3.05,2.79,3.35,4.16,3.11,3.45,3.14,2.42,3.13,2.57,2.74,2.94,2.74,3.36,2.87,3.23,3.03,3.33,3.82,2.69,2.37,2.06,1.67,1.83,2.18,2.1,1.95,1.82,1.72,1.95,1.82,2.08,1.72,1.82,1.76,1.68,1.55,1.68,1.53,1.51,1.72,1.7,1.75,1.68,1.59,1.6,1.5,1.59,1.93,1.85,1.85,1.78,1.42,1.25,1.13,1.42,1.38,1.44
21,"Douglas-fir retrospective monitoring","Evaluating and optimizing stand selection criteria with retrospective monitoring in fertilized coastal Douglas-fir stands","1919 ; 2020","Hember, R.A.; Axelson, J.N.; Jang, W. Evaluating Coastal Douglas Fir Growth Responses to Nitrogen Application Using Tree Ring Chronologies. Forests 2024, 15, 13. https://doi.org/10.3390/f15010013",TRUE,"Robert.Hember@gov.bc.ca","Jodi.Axelson@gov.bc.ca","X003b",48.966563,-123.933727,"others","Hember, R.A.; Axelson, J.N.; Jang, W.","CA-BC","X003_101_008","PSEUMEN",,"2020-00-00","Live",39.3,27,"X003_101_008","core",,,"X003_101_008",,"CooRecorder",TRUE,"CDENDRO & COFECHA",,,10.069,100.69,,1967,2020,,,,,,,,,,,,,,,,,,,,,2.14,2.95,2.36,2.27,3.27,2.3,2.37,2.74,2.5,3.07,2.33,2.61,1.93,2.5,2.92,2.11,2.46,2.05,1.77,2.64,2.59,2.29,1.69,1.99,2.27,2.32,2.21,2.79,1.97,2.07,2.01,1.76,1.84,2.27,1.91,1.39,1.33,1.1,1.43,1.12,0.96,1.03,0.98,1.47,1.12,1.24,1.08,0.81,0.84,0.91,0.67,0.61,0.58,0.75
21,"Douglas-fir retrospective monitoring","Evaluating and optimizing stand selection criteria with retrospective monitoring in fertilized coastal Douglas-fir stands","1919 ; 2020","Hember, R.A.; Axelson, J.N.; Jang, W. Evaluating Coastal Douglas Fir Growth Responses to Nitrogen Application Using Tree Ring Chronologies. Forests 2024, 15, 13. https://doi.org/10.3390/f15010013",TRUE,"Robert.Hember@gov.bc.ca","Jodi.Axelson@gov.bc.ca","X004b",49.057549,-123.995199,"others","Hember, R.A.; Axelson, J.N.; Jang, W.","CA-BC","X004_101_001","PSEUMEN",,"2020-00-00","Live",45.6,39.1,"X004_101_001","core",,,"X004_101_001",,"CooRecorder",TRUE,"CDENDRO & COFECHA",,,19.557,164.77,30.8,1965,2020,,,,,,,,,,,,,,,,,,,3.76,3.06,4,5.51,4.47,5.42,4.78,4.1,3.79,3.82,4.17,4.04,3.02,3.29,3.81,4.71,4.09,3.42,3.23,3.19,2.79,3.09,3.42,3.6,2.36,2.29,2.75,3.14,2.94,2.51,2.51,2.23,3.23,2.32,2.15,3.16,2.22,1.93,2.08,2.48,3.22,2.48,3.31,2.57,1.76,3.05,2.53,2.3,1.76,1.49,1.04,1.3,1.19,1.24,1.23,1.42
21,"Douglas-fir retrospective monitoring","Evaluating and optimizing stand selection criteria with retrospective monitoring in fertilized coastal Douglas-fir stands","1919 ; 2020","Hember, R.A.; Axelson, J.N.; Jang, W. Evaluating Coastal Douglas Fir Growth Responses to Nitrogen Application Using Tree Ring Chronologies. Forests 2024, 15, 13. https://doi.org/10.3390/f15010013",TRUE,"Robert.Hember@gov.bc.ca","Jodi.Axelson@gov.bc.ca","X004b",49.057549,-123.995199,"others","Hember, R.A.; Axelson, J.N.; Jang, W.","CA-BC","X004_101_002","PSEUMEN",,"2020-00-00","Live",73.9,44.8,"X004_101_002","core",,,"X004_101_002",,"CooRecorder",TRUE,"CDENDRO & COFECHA",,,25.005,250.05,,1958,2020,,,,,,,,,,,,9.8,6.91,9.37,7.56,8.01,8.52,8.07,5.85,6.2,5.56,6.51,6.06,5.67,4.17,2.97,3.98,4.07,4.85,5.61,4.98,4.33,3.7,4.87,5.08,3.94,3.68,3.82,3.07,2.65,3.53,3.41,3.53,4.02,4.23,3.41,3.3,3.34,2.46,3.39,3.13,2.95,2.63,2.98,2.52,2.55,2.12,2.29,2.62,2.6,2.46,2.82,2.69,3.06,2.62,2.52,2.33,2,1.44,1.22,1.1,1.33,1.76,1.83
21,"Douglas-fir retrospective monitoring","Evaluating and optimizing stand selection criteria with retrospective monitoring in fertilized coastal Douglas-fir stands","1919 ; 2020","Hember, R.A.; Axelson, J.N.; Jang, W. Evaluating Coastal Douglas Fir Growth Responses to Nitrogen Application Using Tree Ring Chronologies. Forests 2024, 15, 13. https://doi.org/10.3390/f15010013",TRUE,"Robert.Hember@gov.bc.ca","Jodi.Axelson@gov.bc.ca","X004b",49.057549,-123.995199,"others","Hember, R.A.; Axelson, J.N.; Jang, W.","CA-BC","X004_101_003","PSEUMEN",,"2020-00-00","Live",49.7,40.7,"X004_101_003","core",,,"X004_101_003",,"CooRecorder",TRUE,"CDENDRO & COFECHA",,,23.105,203.95,27.1,1960,2020,,,,,,,,,,,,,,7.17,6.73,6.92,8.51,7.36,6.72,6.52,6.36,6.71,6.74,5.98,3.64,4.33,5.53,5.66,5.64,5.44,3.96,4.09,4.76,5.99,4.32,3.22,2.99,3.37,2.65,2.95,3.12,2.58,2.61,2.93,2.41,2.75,2.82,2.58,2.44,2.57,2.28,1.29,1.41,1.55,1.85,1.93,1.6,1.77,1.84,1.98,1.53,1.71,1.33,1.42,1.49,1.28,1.51,1.31,0.94,0.51,0.59,0.47,0.55,0.74
21,"Douglas-fir retrospective monitoring","Evaluating and optimizing stand selection criteria with retrospective monitoring in fertilized coastal Douglas-fir stands","1919 ; 2020","Hember, R.A.; Axelson, J.N.; Jang, W. Evaluating Coastal Douglas Fir Growth Responses to Nitrogen Application Using Tree Ring Chronologies. Forests 2024, 15, 13. https://doi.org/10.3390/f15010013",TRUE,"Robert.Hember@gov.bc.ca","Jodi.Axelson@gov.bc.ca","X004b",49.057549,-123.995199,"others","Hember, R.A.; Axelson, J.N.; Jang, W.","CA-BC","X004_101_004","PSEUMEN",,"2020-00-00","Live",53.5,43.2,"X004_101_004","core",,,"X004_101_004",,"CooRecorder",TRUE,"CDENDRO & COFECHA",,,25.532,247.02,8.3,1954,2020,,,,,,,,6.37,5.67,2.2,6.52,5.59,8.34,7.53,6.46,8.17,7.82,5.43,4.62,5.39,4.12,4.37,4.2,4.19,3.24,4.16,4.33,3.8,3.88,3.99,3.29,3.2,3.08,2.97,3.89,2.78,3.04,2.68,1.9,2.67,2.37,2.75,3.41,4.05,3.13,3.59,4.36,3.52,2.74,2.89,3.54,2.75,2.56,2.77,2.95,2.43,2.53,3,3.38,2.98,3.34,2.74,3.08,3.4,2.93,2.7,2.44,2.34,1.86,1.92,1.72,1.44,2.15,3.37
21,"Douglas-fir retrospective monitoring","Evaluating and optimizing stand selection criteria with retrospective monitoring in fertilized coastal Douglas-fir stands","1919 ; 2020","Hember, R.A.; Axelson, J.N.; Jang, W. Evaluating Coastal Douglas Fir Growth Responses to Nitrogen Application Using Tree Ring Chronologies. Forests 2024, 15, 13. https://doi.org/10.3390/f15010013",TRUE,"Robert.Hember@gov.bc.ca","Jodi.Axelson@gov.bc.ca","X004b",49.057549,-123.995199,"others","Hember, R.A.; Axelson, J.N.; Jang, W.","CA-BC","X004_101_007","PSEUMEN",,"2020-00-00","Live",50.6,40.6,"X004_101_007","core",,,"X004_101_007",,"CooRecorder",TRUE,"CDENDRO & COFECHA",,,21.996,170.96,49,1962,2020,,,,,,,,,,,,,,,,7.63,10.66,8.99,7.71,6.57,5.09,4.58,5.15,5.83,3.76,3.42,4.24,3.67,3.76,4.18,3.56,3.19,2.87,4.15,3.95,3.04,2.47,1.98,2.03,2.58,2.51,2.73,2.25,2.47,1.82,1.91,1.81,1.6,1.09,1.32,1.71,1.57,1.7,1.94,1.81,2.16,1.81,1.79,1.92,1.54,1.65,1.86,1.3,1.62,1.46,1.61,1.51,1.3,0.87,0.79,0.72,1.08,1.06,1.61
21,"Douglas-fir retrospective monitoring","Evaluating and optimizing stand selection criteria with retrospective monitoring in fertilized coastal Douglas-fir stands","1919 ; 2020","Hember, R.A.; Axelson, J.N.; Jang, W. Evaluating Coastal Douglas Fir Growth Responses to Nitrogen Application Using Tree Ring Chronologies. Forests 2024, 15, 13. https://doi.org/10.3390/f15010013",TRUE,"Robert.Hember@gov.bc.ca","Jodi.Axelson@gov.bc.ca","X004b",49.057549,-123.995199,"others","Hember, R.A.; Axelson, J.N.; Jang, W.","CA-BC","X004_101_008","PSEUMEN",,"2020-00-00","Live",32.5,29.3,"X004_101_008","core",,,"X004_101_008",,"CooRecorder",TRUE,"CDENDRO & COFECHA",,,16.664,129.24,37.4,1964,2020,,,,,,,,,,,,,,,,,,5.87,4.72,6.12,4.7,7.69,4.38,5.54,4.02,4.5,4.52,3.73,3.86,3.35,3.31,2.84,2.46,2.41,2.44,1.79,1.88,1.79,2.11,1.5,1.79,2.85,2.42,3.23,2.53,2.19,3.29,2.91,1.89,0.8,2.06,1.1,1.22,1.21,1.26,1.74,1.33,0.76,0.94,0.82,0.84,0.9,0.93,1.03,0.82,0.78,0.36,0.45,0.32,0.23,0.17,0.15,0.17,0.22
21,"Douglas-fir retrospective monitoring","Evaluating and optimizing stand selection criteria with retrospective monitoring in fertilized coastal Douglas-fir stands","1919 ; 2020","Hember, R.A.; Axelson, J.N.; Jang, W. Evaluating Coastal Douglas Fir Growth Responses to Nitrogen Application Using Tree Ring Chronologies. Forests 2024, 15, 13. https://doi.org/10.3390/f15010013",TRUE,"Robert.Hember@gov.bc.ca","Jodi.Axelson@gov.bc.ca","X005c",49.429902,-124.748515,"others","Hember, R.A.; Axelson, J.N.; Jang, W.","CA-BC","X005_101_001","PSEUMEN",,"2020-00-00","Live",28.8,40.5,"X005_101_001","core",,,"X005_101_001",,"CooRecorder",TRUE,"CDENDRO & COFECHA",,,11.103,111.03,,1964,2009,,,,,,,,,,,,,,,,,,2.52,1.54,1.47,1.32,1.07,1.22,1.56,1.42,1.87,2.18,1.83,1.4,1.91,0.44,0.54,1,3.59,4.83,5.71,5.54,5.13,5.38,5.7,6.02,5.39,5.35,4.89,3.6,3.08,3.41,3.14,2.15,1.4,1.14,1.08,1.4,1.05,1.12,1.05,1.21,1,1.18,0.76,1.11,0.64,0.69,,,,,,,,,,,
21,"Douglas-fir retrospective monitoring","Evaluating and optimizing stand selection criteria with retrospective monitoring in fertilized coastal Douglas-fir stands","1919 ; 2020","Hember, R.A.; Axelson, J.N.; Jang, W. Evaluating Coastal Douglas Fir Growth Responses to Nitrogen Application Using Tree Ring Chronologies. Forests 2024, 15, 13. https://doi.org/10.3390/f15010013",TRUE,"Robert.Hember@gov.bc.ca","Jodi.Axelson@gov.bc.ca","X005c",49.429902,-124.748515,"others","Hember, R.A.; Axelson, J.N.; Jang, W.","CA-BC","X005_101_002","PSEUMEN",,"2020-00-00","Live",24.5,40.5,"X005_101_002","core",,,"X005_101_002",,"CooRecorder",TRUE,"CDENDRO & COFECHA",,,15.014,112.24,37.9,1960,2016,,,,,,,,,,,,,,3.69,3.1,2.03,2.09,2.16,2.37,2.05,1.57,1.46,1.2,0.94,1.37,1.13,0.89,0.85,0.89,0.93,1.13,1.01,0.73,1.06,1.09,0.48,0.58,0.5,0.42,2.21,3.62,4.23,4.61,4.38,3.71,5.63,6.32,5.01,4.24,3.41,3.1,2.35,2.31,2.61,2.46,2.13,2.03,1.52,1.65,1.22,1.07,0.85,1,0.74,0.89,0.71,0.46,0.57,0.61,0.87,,,,
21,"Douglas-fir retrospective monitoring","Evaluating and optimizing stand selection criteria with retrospective monitoring in fertilized coastal Douglas-fir stands","1919 ; 2020","Hember, R.A.; Axelson, J.N.; Jang, W. Evaluating Coastal Douglas Fir Growth Responses to Nitrogen Application Using Tree Ring Chronologies. Forests 2024, 15, 13. https://doi.org/10.3390/f15010013",TRUE,"Robert.Hember@gov.bc.ca","Jodi.Axelson@gov.bc.ca","X005c",49.429902,-124.748515,"others","Hember, R.A.; Axelson, J.N.; Jang, W.","CA-BC","X005_101_003","PSEUMEN",,"2020-00-00","Live",28.9,44.3,"X005_101_003","core",,,"X005_101_003",,"CooRecorder",TRUE,"CDENDRO & COFECHA",,,14.961,149.61,,1979,2020,,,,,,,,,,,,,,,,,,,,,,,,,,,,,,,,,1.41,1.64,0.8,0.6,0.73,0.2,0.34,1.17,4.87,5.11,5.39,6.61,5.31,5.7,6.01,6.74,5.32,5.85,6.24,4.71,3.67,4.1,4.61,4.99,5.77,6.6,6.97,4.82,3.97,3.88,2.98,3.01,2.18,2.18,1.99,2,1.69,2.38,1.88,1.57,1.41,2.21
21,"Douglas-fir retrospective monitoring","Evaluating and optimizing stand selection criteria with retrospective monitoring in fertilized coastal Douglas-fir stands","1919 ; 2020","Hember, R.A.; Axelson, J.N.; Jang, W. Evaluating Coastal Douglas Fir Growth Responses to Nitrogen Application Using Tree Ring Chronologies. Forests 2024, 15, 13. https://doi.org/10.3390/f15010013",TRUE,"Robert.Hember@gov.bc.ca","Jodi.Axelson@gov.bc.ca","X005c",49.429902,-124.748515,"others","Hember, R.A.; Axelson, J.N.; Jang, W.","CA-BC","X005_101_004","PSEUMEN",,"2020-00-00","Live",32.7,49.7,"X005_101_004","core",,,"X005_101_004",,"CooRecorder",TRUE,"CDENDRO & COFECHA",,,14.611,146.11,,1967,2020,,,,,,,,,,,,,,,,,,,,,1,1.3,0.94,1.45,1.21,0.88,1.06,1.25,1.15,1.37,0.91,0.65,0.94,2.01,1.91,1.86,2.09,2.34,2.2,5.6,6.77,7.07,6.12,6.39,5.03,4.57,4.29,4.36,3.85,4.13,3.69,2.79,2.56,2.77,2.82,2.67,2.48,2.67,2.68,2.67,2.32,2.48,2.39,3.45,3.26,2.95,2.16,2.27,2.14,2.57,2.06,1.59,1.64,2.33
21,"Douglas-fir retrospective monitoring","Evaluating and optimizing stand selection criteria with retrospective monitoring in fertilized coastal Douglas-fir stands","1919 ; 2020","Hember, R.A.; Axelson, J.N.; Jang, W. Evaluating Coastal Douglas Fir Growth Responses to Nitrogen Application Using Tree Ring Chronologies. Forests 2024, 15, 13. https://doi.org/10.3390/f15010013",TRUE,"Robert.Hember@gov.bc.ca","Jodi.Axelson@gov.bc.ca","X005c",49.429902,-124.748515,"others","Hember, R.A.; Axelson, J.N.; Jang, W.","CA-BC","X005_101_005","PSEUMEN",,"2020-00-00","Live",40.9,52.8,"X005_101_005","core",,,"X005_101_005",,"CooRecorder",TRUE,"CDENDRO & COFECHA",,,26.236,247.86,14.5,1957,2020,,,,,,,,,,,1.61,2.23,2.6,4.07,2.59,2.65,1.59,2.05,1.47,1.26,0.69,0.47,0.46,1,1.13,0.78,0.89,1.33,1.56,2.24,1.66,0.96,0.97,2.38,2.45,2.13,3.33,3.45,4.62,7.94,9.43,10.62,9.85,7.98,8.57,7.79,6.22,8.98,7.72,6.78,6.17,5.71,4.37,4.58,5.11,5.12,5.01,4,4.61,4.05,5.09,4.46,3.83,5.14,4,4.05,3.56,3.35,3.01,3.56,3.25,2.77,2.63,3.93
21,"Douglas-fir retrospective monitoring","Evaluating and optimizing stand selection criteria with retrospective monitoring in fertilized coastal Douglas-fir stands","1919 ; 2020","Hember, R.A.; Axelson, J.N.; Jang, W. Evaluating Coastal Douglas Fir Growth Responses to Nitrogen Application Using Tree Ring Chronologies. Forests 2024, 15, 13. https://doi.org/10.3390/f15010013",TRUE,"Robert.Hember@gov.bc.ca","Jodi.Axelson@gov.bc.ca","X005c",49.429902,-124.748515,"others","Hember, R.A.; Axelson, J.N.; Jang, W.","CA-BC","X005_101_006","PSEUMEN",,"2020-00-00","Live",28.6,31.9,"X005_101_006","core",,,"X005_101_006",,"CooRecorder",TRUE,"CDENDRO & COFECHA",,,13.125,123.25,8,1966,2018,,,,,,,,,,,,,,,,,,,,0.81,1.07,1.38,1.18,1.56,1.59,1.25,1.83,1.87,1.45,1.95,1.88,0.79,0.86,1.04,1.11,0.91,1.26,2.01,1.74,3.54,4.11,6.05,4.37,6.09,4.41,3.73,3.48,3.58,2.63,3.14,3.11,2.52,2.21,2.44,2.69,2.25,2.03,1.68,2.07,2.2,2.18,2.63,2.19,2.89,1.99,2.8,2.57,2.42,1.91,2.35,1.82,1.63,,
21,"Douglas-fir retrospective monitoring","Evaluating and optimizing stand selection criteria with retrospective monitoring in fertilized coastal Douglas-fir stands","1919 ; 2020","Hember, R.A.; Axelson, J.N.; Jang, W. Evaluating Coastal Douglas Fir Growth Responses to Nitrogen Application Using Tree Ring Chronologies. Forests 2024, 15, 13. https://doi.org/10.3390/f15010013",TRUE,"Robert.Hember@gov.bc.ca","Jodi.Axelson@gov.bc.ca","X005c",49.429902,-124.748515,"others","Hember, R.A.; Axelson, J.N.; Jang, W.","CA-BC","X005_101_007","PSEUMEN",,"2020-00-00","Live",18,29.5,"X005_101_007","core",,,"X005_101_007",,"CooRecorder",TRUE,"CDENDRO & COFECHA",,,6.34,63.4,,1968,2019,,,,,,,,,,,,,,,,,,,,,,2.56,1.89,2.54,1.83,1.44,0.94,0.81,0.62,1.06,0.91,0.68,0.8,0.82,0.6,0.65,0.61,0.45,0.45,0.5,0.48,0.43,0.53,0.76,1.87,2.61,2.52,3.26,2.84,3.28,4.13,3.57,2.9,2.6,1.86,2.04,1.44,1.3,0.63,0.36,0.45,0.36,0.19,0.32,0.47,0.2,0.34,0.18,0.15,0.38,0.21,0.23,0.35,
21,"Douglas-fir retrospective monitoring","Evaluating and optimizing stand selection criteria with retrospective monitoring in fertilized coastal Douglas-fir stands","1919 ; 2020","Hember, R.A.; Axelson, J.N.; Jang, W. Evaluating Coastal Douglas Fir Growth Responses to Nitrogen Application Using Tree Ring Chronologies. Forests 2024, 15, 13. https://doi.org/10.3390/f15010013",TRUE,"Robert.Hember@gov.bc.ca","Jodi.Axelson@gov.bc.ca","X005c",49.429902,-124.748515,"others","Hember, R.A.; Axelson, J.N.; Jang, W.","CA-BC","X005_101_008","PSEUMEN",,"2020-00-00","Live",35.2,56.8,"X005_101_008","core",,,"X005_101_008",,"CooRecorder",TRUE,"CDENDRO & COFECHA",,,25.481,254.81,,1960,2020,,,,,,,,,,,,,,2.88,1.94,1.43,1.12,1.46,1.27,0.8,0.76,0.77,0.77,1.1,1.14,1.34,1.52,1.89,1.24,1.56,1.4,0.93,0.88,1.33,1.16,0.8,1.11,3.94,3.58,7.69,10.98,12.03,10.98,10.04,8.78,9.18,7.3,6.39,7.68,6.89,7.47,5.62,5.61,5.89,5.95,5.62,4.5,4.22,5.51,4.87,4.26,4.53,3.78,5.66,5.1,5.25,5.33,4.3,4.44,4.64,3.39,2.76,4.22,5.83
21,"Douglas-fir retrospective monitoring","Evaluating and optimizing stand selection criteria with retrospective monitoring in fertilized coastal Douglas-fir stands","1919 ; 2020","Hember, R.A.; Axelson, J.N.; Jang, W. Evaluating Coastal Douglas Fir Growth Responses to Nitrogen Application Using Tree Ring Chronologies. Forests 2024, 15, 13. https://doi.org/10.3390/f15010013",TRUE,"Robert.Hember@gov.bc.ca","Jodi.Axelson@gov.bc.ca","X010d",49.43054,-124.818424,"others","Hember, R.A.; Axelson, J.N.; Jang, W.","CA-BC","X010_104_001","PSEUMEN",,"2020-00-00","Live",33.8,25.3,"X010_104_001","core",,,"X010_104_001",,"CooRecorder",TRUE,"CDENDRO & COFECHA",,,13.809,122.19,15.9,1956,2020,,,,,,,,,,4.59,5.07,4.21,4.8,4.21,3.77,3.72,4.12,4.54,2.91,2.86,2.52,3.01,3.11,2.96,3.03,2.75,2.44,2.14,1.17,1.97,1.67,1.44,1.48,2.27,2.27,1.31,2.01,1.86,1.52,1.71,1.63,1.34,1.06,1.46,1.12,1.17,1.61,1.46,0.87,0.9,1.06,0.85,1.06,1.59,1.28,1.21,1.14,0.59,1.13,0.87,0.85,0.85,0.7,0.89,0.87,1.29,1.02,0.74,0.53,0.62,0.62,0.54,0.63,1.2
21,"Douglas-fir retrospective monitoring","Evaluating and optimizing stand selection criteria with retrospective monitoring in fertilized coastal Douglas-fir stands","1919 ; 2020","Hember, R.A.; Axelson, J.N.; Jang, W. Evaluating Coastal Douglas Fir Growth Responses to Nitrogen Application Using Tree Ring Chronologies. Forests 2024, 15, 13. https://doi.org/10.3390/f15010013",TRUE,"Robert.Hember@gov.bc.ca","Jodi.Axelson@gov.bc.ca","X010d",49.43054,-124.818424,"others","Hember, R.A.; Axelson, J.N.; Jang, W.","CA-BC","X010_104_002","PSEUMEN",,"2020-00-00","Live",29.2,26.3,"X010_104_002","core",,,"X010_104_002",,"CooRecorder",TRUE,"CDENDRO & COFECHA",,,11.09,102.2,8.7,1954,2020,,,,,,,,5.51,4.45,3.53,5.06,3.56,4.03,3.45,2.67,3.05,2.93,3.65,2.29,2.99,2.3,3.13,2.75,2.51,2.6,1.92,1.83,1.67,1.17,1.97,1.44,1.31,1.27,1.72,1.58,0.89,1.3,1.38,1.28,1.15,1.21,0.97,1.1,0.99,0.76,0.7,0.76,0.85,0.44,0.38,0.55,0.55,0.59,0.78,0.64,0.68,0.68,0.32,0.55,0.42,0.61,0.44,0.42,0.51,0.47,0.57,0.53,0.4,0.3,0.36,0.25,0.42,0.28,0.38
21,"Douglas-fir retrospective monitoring","Evaluating and optimizing stand selection criteria with retrospective monitoring in fertilized coastal Douglas-fir stands","1919 ; 2020","Hember, R.A.; Axelson, J.N.; Jang, W. Evaluating Coastal Douglas Fir Growth Responses to Nitrogen Application Using Tree Ring Chronologies. Forests 2024, 15, 13. https://doi.org/10.3390/f15010013",TRUE,"Robert.Hember@gov.bc.ca","Jodi.Axelson@gov.bc.ca","X010d",49.43054,-124.818424,"others","Hember, R.A.; Axelson, J.N.; Jang, W.","CA-BC","X010_104_003","PSEUMEN",,"2020-00-00","Live",31,26.2,"X010_104_003","core",,,"X010_104_003",,"CooRecorder",TRUE,"CDENDRO & COFECHA",,,13.939,122.59,16.8,1956,2020,,,,,,,,,,4.5,4.91,4.08,4.34,4.3,3.92,4.06,4.21,4.12,3.36,3.27,2.5,3.22,2.88,2.88,2.93,2.08,2.27,1.56,1.19,1.8,1.69,1.8,1.97,2.33,2.18,1.36,1.65,1.44,1.25,1.04,0.93,1.34,1.23,1.19,1.42,1.14,1.59,1.36,1.23,1.14,1.25,1.19,1.23,1.46,1.31,1.12,1.29,0.78,1.35,0.91,1.25,1.08,0.78,0.95,1.21,1.1,1.04,1.12,0.76,0.76,0.8,0.62,0.57,1
21,"Douglas-fir retrospective monitoring","Evaluating and optimizing stand selection criteria with retrospective monitoring in fertilized coastal Douglas-fir stands","1919 ; 2020","Hember, R.A.; Axelson, J.N.; Jang, W. Evaluating Coastal Douglas Fir Growth Responses to Nitrogen Application Using Tree Ring Chronologies. Forests 2024, 15, 13. https://doi.org/10.3390/f15010013",TRUE,"Robert.Hember@gov.bc.ca","Jodi.Axelson@gov.bc.ca","X010d",49.43054,-124.818424,"others","Hember, R.A.; Axelson, J.N.; Jang, W.","CA-BC","X010_104_005","PSEUMEN",,"2020-00-00","Live",40.7,28.9,"X010_104_005","core",,,"X010_104_005",,"CooRecorder",TRUE,"CDENDRO & COFECHA",,,16.109,132.19,28.9,1958,2020,,,,,,,,,,,,5.35,4.17,3.15,4.32,4.55,5.36,2.98,2.67,2.24,2.83,2.81,2.94,3.92,2.62,2.59,2.51,2.48,1.68,2.26,2.46,2.09,2.09,2.48,2.94,1.3,1.95,1.77,1.64,1.77,2.14,1.83,1.94,1.95,1.81,1.6,1.69,2.14,1.35,1.15,1.53,1.34,1.31,1.85,1.56,1.76,1.89,0.8,1.39,1.12,1.42,1.32,1.16,1.38,1.49,1.7,1.69,1.28,1.09,1.02,0.98,1.45,0.83,1.31
21,"Douglas-fir retrospective monitoring","Evaluating and optimizing stand selection criteria with retrospective monitoring in fertilized coastal Douglas-fir stands","1919 ; 2020","Hember, R.A.; Axelson, J.N.; Jang, W. Evaluating Coastal Douglas Fir Growth Responses to Nitrogen Application Using Tree Ring Chronologies. Forests 2024, 15, 13. https://doi.org/10.3390/f15010013",TRUE,"Robert.Hember@gov.bc.ca","Jodi.Axelson@gov.bc.ca","X010d",49.43054,-124.818424,"others","Hember, R.A.; Axelson, J.N.; Jang, W.","CA-BC","X010_104_006","PSEUMEN",,"2020-00-00","Live",29.7,22.1,"X010_104_006","core",,,"X010_104_006",,"CooRecorder",TRUE,"CDENDRO & COFECHA",,,10.505,105.05,,1953,2020,,,,,,,7.38,8.44,5.77,5.44,6.52,3.45,4.03,4.11,3.47,4.56,4.26,5.05,2.86,3.12,1.73,2.32,1.58,2.09,1.53,1.36,1.31,1.21,0.87,1.38,1.08,0.95,1.06,1.29,1.5,0.72,0.85,0.87,0.87,0.61,0.68,0.83,0.61,0.85,0.7,0.64,0.53,0.72,0.43,0.19,0.21,0.27,0.36,0.36,0.3,0.28,0.32,0.15,0.21,0.23,0.21,0.21,0.22,0.21,0.19,0.23,0.23,0.23,0.13,0.13,0.13,0.17,0.08,0.17
21,"Douglas-fir retrospective monitoring","Evaluating and optimizing stand selection criteria with retrospective monitoring in fertilized coastal Douglas-fir stands","1919 ; 2020","Hember, R.A.; Axelson, J.N.; Jang, W. Evaluating Coastal Douglas Fir Growth Responses to Nitrogen Application Using Tree Ring Chronologies. Forests 2024, 15, 13. https://doi.org/10.3390/f15010013",TRUE,"Robert.Hember@gov.bc.ca","Jodi.Axelson@gov.bc.ca","X010d",49.43054,-124.818424,"others","Hember, R.A.; Axelson, J.N.; Jang, W.","CA-BC","X010_104_007","PSEUMEN",,"2020-00-00","Live",30.9,24,"X010_104_007","core",,,"X010_104_007",,"CooRecorder",TRUE,"CDENDRO & COFECHA",,,17.233,154.83,17.5,1955,2020,,,,,,,,,5.25,6.83,4.79,5.29,4.52,4.07,5.11,4.76,4.45,3.47,3.85,2.94,3.52,2.14,3.93,3.42,2.93,3.18,3.48,3.7,2.06,3.01,2.93,2.47,2.76,2.6,2.76,1.55,2.49,2.54,1.96,1.82,1.58,2.17,1.92,2.36,2.56,1.89,2.28,1.86,1.1,1.12,1.64,1.25,1.46,1.78,1.56,1.23,1.23,0.48,1.28,1,1.46,1.02,0.83,0.8,1.02,1.25,1.23,0.96,0.66,0.79,0.66,0.55,0.44,0.83
21,"Douglas-fir retrospective monitoring","Evaluating and optimizing stand selection criteria with retrospective monitoring in fertilized coastal Douglas-fir stands","1919 ; 2020","Hember, R.A.; Axelson, J.N.; Jang, W. Evaluating Coastal Douglas Fir Growth Responses to Nitrogen Application Using Tree Ring Chronologies. Forests 2024, 15, 13. https://doi.org/10.3390/f15010013",TRUE,"Robert.Hember@gov.bc.ca","Jodi.Axelson@gov.bc.ca","X010d",49.43054,-124.818424,"others","Hember, R.A.; Axelson, J.N.; Jang, W.","CA-BC","X010_104_008","PSEUMEN",,"2020-00-00","Live",37,27.2,"X010_104_008","core",,,"X010_104_008",,"CooRecorder",TRUE,"CDENDRO & COFECHA",,,14.821,137.91,10.3,1954,2020,,,,,,,,7.75,6.13,5.79,6.5,4.54,4.71,4.19,3.72,5.1,5.05,4.67,3.41,3.7,2.72,2.96,3.74,4.11,2.78,3.19,2.91,2.61,1.78,2.77,2.09,1.77,1.86,2.22,2.37,1.15,1.75,1.73,1.28,1.39,1.35,1.3,0.94,1.15,1.15,0.92,0.81,1.05,0.86,0.55,0.53,0.45,0.66,0.8,0.82,0.86,0.9,0.87,1.04,0.55,0.74,0.59,0.51,0.66,0.59,0.61,0.51,0.53,0.47,0.51,0.45,0.47,0.49,0.78
21,"Douglas-fir retrospective monitoring","Evaluating and optimizing stand selection criteria with retrospective monitoring in fertilized coastal Douglas-fir stands","1919 ; 2020","Hember, R.A.; Axelson, J.N.; Jang, W. Evaluating Coastal Douglas Fir Growth Responses to Nitrogen Application Using Tree Ring Chronologies. Forests 2024, 15, 13. https://doi.org/10.3390/f15010013",TRUE,"Robert.Hember@gov.bc.ca","Jodi.Axelson@gov.bc.ca","X011c",50.046912,-125.521025,"others","Hember, R.A.; Axelson, J.N.; Jang, W.","CA-BC","X011_101_002","PSEUMEN",,"2020-00-00","Live",57.7,40.5,"X011_101_002","core",,,"X011_101_002",,"CooRecorder",TRUE,"CDENDRO & COFECHA",,,27.146,247.76,23.7,1955,2020,,,,,,,,,7.62,7.82,9.71,7.48,7.06,7.37,8,7.88,8.62,8.04,5.32,5.36,5.11,5.36,3.66,5.4,5.47,4.63,3.44,1.78,1.87,2.75,2.43,2.34,2.83,3.6,4.05,2.61,3.19,3.19,2.75,1.77,2.7,4.13,2.73,2.56,2.14,2.67,2.5,3.13,2.77,2.71,2.31,1.98,2.22,2.31,2.61,2.69,3.26,2.29,2.56,2.37,2.48,2.69,2.73,3.6,3.53,2.96,2.82,2.51,2.12,1.67,2.04,2.04,2.5,2.92
21,"Douglas-fir retrospective monitoring","Evaluating and optimizing stand selection criteria with retrospective monitoring in fertilized coastal Douglas-fir stands","1919 ; 2020","Hember, R.A.; Axelson, J.N.; Jang, W. Evaluating Coastal Douglas Fir Growth Responses to Nitrogen Application Using Tree Ring Chronologies. Forests 2024, 15, 13. https://doi.org/10.3390/f15010013",TRUE,"Robert.Hember@gov.bc.ca","Jodi.Axelson@gov.bc.ca","X011c",50.046912,-125.521025,"others","Hember, R.A.; Axelson, J.N.; Jang, W.","CA-BC","X011_101_004","PSEUMEN",,"2020-00-00","Live",52.7,43.4,"X011_101_004","core",,,"X011_101_004",,"CooRecorder",TRUE,"CDENDRO & COFECHA",,,23.401,234.01,,1951,2019,,,,,2.56,2.31,4.37,3.84,5.05,5.8,6.99,6.31,7.52,6.78,6.8,5.59,6.52,5.52,3.9,4.18,4.41,4.7,4.64,6.16,4.78,4.43,3.83,4.51,4.2,4.35,3.6,2.39,3.26,4.15,5.01,2.79,2.74,2.97,3.24,2.32,3.2,3.84,4.33,4.26,3.4,2.52,2.82,2.93,2.98,3,2.85,1.78,1.72,1.7,1.26,1.78,2.27,1.29,1.61,1.72,1.61,1.36,1.99,2.37,2.03,2.29,1.99,1.38,0.89,0.87,1.06,1.08,1.31,
21,"Douglas-fir retrospective monitoring","Evaluating and optimizing stand selection criteria with retrospective monitoring in fertilized coastal Douglas-fir stands","1919 ; 2020","Hember, R.A.; Axelson, J.N.; Jang, W. Evaluating Coastal Douglas Fir Growth Responses to Nitrogen Application Using Tree Ring Chronologies. Forests 2024, 15, 13. https://doi.org/10.3390/f15010013",TRUE,"Robert.Hember@gov.bc.ca","Jodi.Axelson@gov.bc.ca","X011c",50.046912,-125.521025,"others","Hember, R.A.; Axelson, J.N.; Jang, W.","CA-BC","X011_101_005","PSEUMEN",,"2020-00-00","Live",59.3,43.1,"X011_101_005","core",,,"X011_101_005",,"CooRecorder",TRUE,"CDENDRO & COFECHA",,,22.383,223.83,,1953,2020,,,,,,,5.67,6.14,6.13,4.86,6.48,6.17,7.48,6.65,6.12,5.2,6.09,4.64,4.8,5.67,5.83,6.37,4.24,5.45,4.82,4.5,4.1,3.92,3.89,3.5,3.11,2.41,2.75,3.41,2.51,2.17,2.59,2.04,2.14,2.14,3.21,3.61,3.86,3.55,2.87,3.1,2.74,2.05,1.94,1.94,2.05,1.6,1.18,0.98,1.22,1.29,2.25,2.12,2.89,1.86,1.58,1.82,2.03,2.58,1.85,2.12,1.59,1.66,1.04,1.18,1.08,1.21,1.82,1.97
21,"Douglas-fir retrospective monitoring","Evaluating and optimizing stand selection criteria with retrospective monitoring in fertilized coastal Douglas-fir stands","1919 ; 2020","Hember, R.A.; Axelson, J.N.; Jang, W. Evaluating Coastal Douglas Fir Growth Responses to Nitrogen Application Using Tree Ring Chronologies. Forests 2024, 15, 13. https://doi.org/10.3390/f15010013",TRUE,"Robert.Hember@gov.bc.ca","Jodi.Axelson@gov.bc.ca","X011c",50.046912,-125.521025,"others","Hember, R.A.; Axelson, J.N.; Jang, W.","CA-BC","X011_101_006","PSEUMEN",,"2020-00-00","Live",34.9,27.8,"X011_101_006","core",,,"X011_101_006",,"CooRecorder",TRUE,"CDENDRO & COFECHA",,,13.86,138.6,,1952,2020,,,,,,4.65,1.71,2.84,3.79,4.64,4.37,3.33,4.7,3.37,4.02,3.9,4.08,4,3.01,3.62,3.26,3.68,2.92,3.3,2.57,2.45,1.53,2.51,2.24,2.91,2.17,1.78,2.16,2.7,2.89,2.16,2.41,2.11,1.83,1.8,1.8,2.08,1.76,1.91,1.81,1.65,1.54,1.29,1.25,1.09,1.03,0.7,0.63,0.86,0.79,1.06,1.08,1.04,1.12,0.91,0.61,0.59,0.76,0.78,0.76,0.76,0.72,0.61,0.41,0.39,0.38,0.37,0.29,0.36
21,"Douglas-fir retrospective monitoring","Evaluating and optimizing stand selection criteria with retrospective monitoring in fertilized coastal Douglas-fir stands","1919 ; 2020","Hember, R.A.; Axelson, J.N.; Jang, W. Evaluating Coastal Douglas Fir Growth Responses to Nitrogen Application Using Tree Ring Chronologies. Forests 2024, 15, 13. https://doi.org/10.3390/f15010013",TRUE,"Robert.Hember@gov.bc.ca","Jodi.Axelson@gov.bc.ca","X011c",50.046912,-125.521025,"others","Hember, R.A.; Axelson, J.N.; Jang, W.","CA-BC","X011_101_007","PSEUMEN",,"2020-00-00","Live",67,45.6,"X011_101_007","core",,,"X011_101_007",,"CooRecorder",TRUE,"CDENDRO & COFECHA",,,25.729,246.79,10.5,1954,2020,,,,,,,,6.27,5.33,5.74,8.22,4.42,6.93,8.52,7.78,6.6,6.95,6.04,4.33,4.86,4.01,3.75,3.93,4.77,4.69,4.19,3.96,3.18,3.34,4.18,3.89,3.71,3.64,5.12,5.23,3.43,4.11,3.47,2.79,2.46,2.85,3.93,3.87,3.63,2.95,3.19,2.99,2.93,2.46,2.43,2.65,2.35,2.92,2.29,1.82,2.59,3.54,2.99,2.82,3.11,2.77,2.31,1.97,2.82,2.7,2.8,2.24,2.11,1.36,1.87,1.77,1.34,1.26,1.32
21,"Douglas-fir retrospective monitoring","Evaluating and optimizing stand selection criteria with retrospective monitoring in fertilized coastal Douglas-fir stands","1919 ; 2020","Hember, R.A.; Axelson, J.N.; Jang, W. Evaluating Coastal Douglas Fir Growth Responses to Nitrogen Application Using Tree Ring Chronologies. Forests 2024, 15, 13. https://doi.org/10.3390/f15010013",TRUE,"Robert.Hember@gov.bc.ca","Jodi.Axelson@gov.bc.ca","X011c",50.046912,-125.521025,"others","Hember, R.A.; Axelson, J.N.; Jang, W.","CA-BC","X011_101_008","PSEUMEN",,"2020-00-00","Live",46.2,40.9,"X011_101_008","core",,,"X011_101_008",,"CooRecorder",TRUE,"CDENDRO & COFECHA",,,20.441,204.41,,1948,2020,,2.36,3.05,3.65,3.73,4.79,5.73,6.13,6.36,5.4,5.93,4.27,4.78,4.85,4.88,4.27,4.59,4.49,3.25,3.69,3.18,4.05,3.47,4.04,4.21,3.89,2.73,3.12,2.64,2.88,2.2,1.81,1.72,2.3,2.92,2.22,2.37,1.49,2.17,1.89,1.79,2.76,2.29,2.63,2.04,1.87,1.98,1.85,1.95,1.96,1.92,1.15,1.07,1.19,1.29,1.96,2.7,2.25,1.93,2.1,2.38,2.15,1.83,2.25,2.47,2.02,1.44,1.39,0.93,1.29,1.45,1.49,1.05,2.09
21,"Douglas-fir retrospective monitoring","Evaluating and optimizing stand selection criteria with retrospective monitoring in fertilized coastal Douglas-fir stands","1919 ; 2020","Hember, R.A.; Axelson, J.N.; Jang, W. Evaluating Coastal Douglas Fir Growth Responses to Nitrogen Application Using Tree Ring Chronologies. Forests 2024, 15, 13. https://doi.org/10.3390/f15010013",TRUE,"Robert.Hember@gov.bc.ca","Jodi.Axelson@gov.bc.ca","X012b",50.042367,-125.57086,"others","Hember, R.A.; Axelson, J.N.; Jang, W.","CA-BC","X012_102_001","PSEUMEN",,"2020-00-00","Live",70.2,40.3,"X012_102_001","core",,,"X012_102_001",,"CooRecorder",TRUE,"CDENDRO & COFECHA",,,19.691,196.91,,1978,2020,,,,,,,,,,,,,,,,,,,,,,,,,,,,,,,,4.94,8.53,7.54,10.56,6.93,9.97,10.31,8.4,6.81,6.22,6.64,5.32,4.53,3.7,6.25,4.95,4.43,4.49,4.05,4.62,2.99,2.54,2.86,3.2,2.92,3.01,3.06,3.31,2.74,2.5,3.41,3.24,3.87,3.88,2.88,2.75,2.94,2.58,3.4,2.66,2.54,2.67,1.77
21,"Douglas-fir retrospective monitoring","Evaluating and optimizing stand selection criteria with retrospective monitoring in fertilized coastal Douglas-fir stands","1919 ; 2020","Hember, R.A.; Axelson, J.N.; Jang, W. Evaluating Coastal Douglas Fir Growth Responses to Nitrogen Application Using Tree Ring Chronologies. Forests 2024, 15, 13. https://doi.org/10.3390/f15010013",TRUE,"Robert.Hember@gov.bc.ca","Jodi.Axelson@gov.bc.ca","X012b",50.042367,-125.57086,"others","Hember, R.A.; Axelson, J.N.; Jang, W.","CA-BC","X012_102_002","PSEUMEN",,"2020-00-00","Live",34.5,36.8,"X012_102_002","core",,,"X012_102_002",,"CooRecorder",TRUE,"CDENDRO & COFECHA",,,11.187,111.87,,1963,2015,,,,,,,,,,,,,,,,,11.5,9.75,5.11,6.8,5.63,6.3,4.37,5.5,4.5,2.6,3.59,2.46,2.53,3.93,2.94,1.74,2.06,3.52,3.97,1.66,2.27,1.99,1.21,1.65,1.84,1.1,0.85,1.07,0.72,1.15,0.98,0.81,0.89,0.61,0.72,0.24,0.28,0.21,0.28,0.17,0.17,0.24,0.19,0.16,0.11,0.15,0.15,0.24,0.24,0.2,0.15,0.17,0.2,,,,,
21,"Douglas-fir retrospective monitoring","Evaluating and optimizing stand selection criteria with retrospective monitoring in fertilized coastal Douglas-fir stands","1919 ; 2020","Hember, R.A.; Axelson, J.N.; Jang, W. Evaluating Coastal Douglas Fir Growth Responses to Nitrogen Application Using Tree Ring Chronologies. Forests 2024, 15, 13. https://doi.org/10.3390/f15010013",TRUE,"Robert.Hember@gov.bc.ca","Jodi.Axelson@gov.bc.ca","X012b",50.042367,-125.57086,"others","Hember, R.A.; Axelson, J.N.; Jang, W.","CA-BC","X012_102_003","PSEUMEN",,"2020-00-00","Live",38.2,37.3,"X012_102_003","core",,,"X012_102_003",,"CooRecorder",TRUE,"CDENDRO & COFECHA",,,18.771,187.71,,1958,2020,,,,,,,,,,,,2.14,5.82,5.66,7.75,9.14,9.35,6.08,6.46,5.21,8.05,4.7,6.6,5.72,4.72,4.04,1.53,4.19,3.94,5.17,3.85,2.95,3.22,3.54,3.56,1.89,3.5,3.66,3.54,3.41,3.52,3.22,2.39,3.43,2.61,2.43,1.95,1.76,2.21,1.78,2.27,1.89,1.67,1.29,1.25,1.14,1.38,1.09,1.04,1,0.97,0.95,0.83,0.98,0.81,0.81,0.68,0.59,0.51,0.38,0.34,0.34,0.51,0.3
21,"Douglas-fir retrospective monitoring","Evaluating and optimizing stand selection criteria with retrospective monitoring in fertilized coastal Douglas-fir stands","1919 ; 2020","Hember, R.A.; Axelson, J.N.; Jang, W. Evaluating Coastal Douglas Fir Growth Responses to Nitrogen Application Using Tree Ring Chronologies. Forests 2024, 15, 13. https://doi.org/10.3390/f15010013",TRUE,"Robert.Hember@gov.bc.ca","Jodi.Axelson@gov.bc.ca","X012b",50.042367,-125.57086,"others","Hember, R.A.; Axelson, J.N.; Jang, W.","CA-BC","X012_102_004","PSEUMEN",,"2020-00-00","Live",61.5,39.8,"X012_102_004","core",,,"X012_102_004",,"CooRecorder",TRUE,"CDENDRO & COFECHA",,,22.38,223.8,,1965,2020,,,,,,,,,,,,,,,,,,,4.64,6.49,4.71,5.63,4.56,6.36,5.41,3.44,5.38,5.12,3.79,6.79,4.78,3.96,4.91,5.56,6.66,4.45,5.63,5.58,4.12,3.91,3.66,3.42,3.74,3.24,3.18,4.71,3.81,4.64,4.43,4.38,5.15,3.63,2.89,4.01,3.39,3.77,3.82,3.36,3.48,2.86,3.25,2.24,2.1,2.98,3.35,3.21,2.5,2.25,2.16,2.89,2.32,2.27,2.59,2.24
21,"Douglas-fir retrospective monitoring","Evaluating and optimizing stand selection criteria with retrospective monitoring in fertilized coastal Douglas-fir stands","1919 ; 2020","Hember, R.A.; Axelson, J.N.; Jang, W. Evaluating Coastal Douglas Fir Growth Responses to Nitrogen Application Using Tree Ring Chronologies. Forests 2024, 15, 13. https://doi.org/10.3390/f15010013",TRUE,"Robert.Hember@gov.bc.ca","Jodi.Axelson@gov.bc.ca","X012b",50.042367,-125.57086,"others","Hember, R.A.; Axelson, J.N.; Jang, W.","CA-BC","X012_102_005","PSEUMEN",,"2020-00-00","Live",55,38.4,"X012_102_005","core",,,"X012_102_005",,"CooRecorder",TRUE,"CDENDRO & COFECHA",,,25.494,254.94,,1960,2020,,,,,,,,,,,,,,6.53,11.49,12.51,10.28,9.96,6.27,6.8,4.4,5.43,3.88,7.54,4.21,4.18,4.76,3.14,3.75,6.92,4.21,2.14,2.75,2.99,4.28,3.79,6.33,6.74,4.23,3.03,4.28,4.22,3.65,3.83,3.03,5.25,3.28,3.46,4.28,4.17,4.91,2.85,2.72,3.2,4.39,3.14,3.16,3.16,3.46,2.39,2.31,2.27,2.27,2.38,2.24,2.55,2.52,2.37,1.43,2.56,2.13,1.66,1.79,1.09
21,"Douglas-fir retrospective monitoring","Evaluating and optimizing stand selection criteria with retrospective monitoring in fertilized coastal Douglas-fir stands","1919 ; 2020","Hember, R.A.; Axelson, J.N.; Jang, W. Evaluating Coastal Douglas Fir Growth Responses to Nitrogen Application Using Tree Ring Chronologies. Forests 2024, 15, 13. https://doi.org/10.3390/f15010013",TRUE,"Robert.Hember@gov.bc.ca","Jodi.Axelson@gov.bc.ca","X012b",50.042367,-125.57086,"others","Hember, R.A.; Axelson, J.N.; Jang, W.","CA-BC","X012_102_006","PSEUMEN",,"2020-00-00","Live",51.8,38.2,"X012_102_006","core",,,"X012_102_006",,"CooRecorder",TRUE,"CDENDRO & COFECHA",,,21.39,185,28.9,1963,2020,,,,,,,,,,,,,,,,,9.32,7.17,5.29,7.36,5.36,7.52,3.36,4.63,4.08,3.36,4.81,3.39,4.47,3.88,2.59,3.61,3.48,4.74,4.3,2.68,3.6,2.94,1.92,1.56,1.48,1.79,1.68,1.75,1.72,3.02,3.11,5.04,4.1,2.82,3.28,2.09,2.29,2.74,2.68,2.76,2.62,2.3,3.11,2.84,2.39,2.13,1.92,2.56,2.28,2.24,1.47,1.28,1.39,2.33,1.54,1.44,1.87,1.52
21,"Douglas-fir retrospective monitoring","Evaluating and optimizing stand selection criteria with retrospective monitoring in fertilized coastal Douglas-fir stands","1919 ; 2020","Hember, R.A.; Axelson, J.N.; Jang, W. Evaluating Coastal Douglas Fir Growth Responses to Nitrogen Application Using Tree Ring Chronologies. Forests 2024, 15, 13. https://doi.org/10.3390/f15010013",TRUE,"Robert.Hember@gov.bc.ca","Jodi.Axelson@gov.bc.ca","X012b",50.042367,-125.57086,"others","Hember, R.A.; Axelson, J.N.; Jang, W.","CA-BC","X012_102_007","PSEUMEN",,"2020-00-00","Live",38.5,37.5,"X012_102_007","core",,,"X012_102_007",,"CooRecorder",TRUE,"CDENDRO & COFECHA",,,22.508,225.08,,1958,2020,,,,,,,,,,,,1.6,5.23,6.31,6.58,8.97,9.98,8.98,5.62,5.72,5.02,6.61,3.98,5.65,4.36,3.22,4.6,2.56,3.58,4.83,4.42,3.26,4.81,4.71,5.18,3.37,4.46,4.91,2.86,3.41,4.36,4.19,3.38,3.42,2.81,3.38,2.48,2.4,2.65,2.37,2.37,2.06,1.82,2.01,2.96,2.6,2.73,2.13,2.76,2.1,2.08,2.38,2.17,2.67,2.49,1.9,1.87,1.3,0.93,1.49,1.46,1.32,1.68,1.57
21,"Douglas-fir retrospective monitoring","Evaluating and optimizing stand selection criteria with retrospective monitoring in fertilized coastal Douglas-fir stands","1919 ; 2020","Hember, R.A.; Axelson, J.N.; Jang, W. Evaluating Coastal Douglas Fir Growth Responses to Nitrogen Application Using Tree Ring Chronologies. Forests 2024, 15, 13. https://doi.org/10.3390/f15010013",TRUE,"Robert.Hember@gov.bc.ca","Jodi.Axelson@gov.bc.ca","X012b",50.042367,-125.57086,"others","Hember, R.A.; Axelson, J.N.; Jang, W.","CA-BC","X012_102_008","PSEUMEN",,"2020-00-00","Live",38.1,36.8,"X012_102_008","core",,,"X012_102_008",,"CooRecorder",TRUE,"CDENDRO & COFECHA",,,14.567,113.17,32.5,1965,2013,,,,,,,,,,,,,,,,,,,5.58,7.18,6.36,9.98,3.99,4.99,4.84,3.96,4.81,2.71,2.74,3.47,2.9,2.26,2.14,2.66,3.4,1.74,2.87,2.02,1.51,1.7,2.03,1.52,1.21,1.27,0.77,1.16,1.11,0.81,0.85,0.98,1.39,0.92,1.25,1.57,1.46,1.23,1.4,1.28,0.97,0.91,0.55,0.62,0.64,0.95,0.88,0.88,0.75,,,,,,,
21,"Douglas-fir retrospective monitoring","Evaluating and optimizing stand selection criteria with retrospective monitoring in fertilized coastal Douglas-fir stands","1919 ; 2020","Hember, R.A.; Axelson, J.N.; Jang, W. Evaluating Coastal Douglas Fir Growth Responses to Nitrogen Application Using Tree Ring Chronologies. Forests 2024, 15, 13. https://doi.org/10.3390/f15010013",TRUE,"Robert.Hember@gov.bc.ca","Jodi.Axelson@gov.bc.ca","X071d",50.037605,-125.501014,"others","Hember, R.A.; Axelson, J.N.; Jang, W.","CA-BC","X071_104_001","PSEUMEN",,"2020-00-00","Live",40.2,27.8,"X071_104_001","core",,,"X071_104_001",,"CooRecorder",TRUE,"CDENDRO & COFECHA",,,15.379,150.59,3.2,1949,2020,,,6.03,5.63,4.5,4.72,6.76,6.11,5.16,3.39,3.88,3.35,3.77,3.33,3.38,3.56,3.87,3.87,2.84,2.95,2.18,3.41,2.06,3.44,2.55,2.3,2.02,1.76,1.69,2.05,2.16,1.48,1.86,1.96,2.05,1.34,1.81,2.04,1.92,1.53,1.53,1.57,1.11,1.7,1.15,1.47,1.76,1.52,1.23,1.3,1.79,1.47,1.3,1.08,1,0.87,1.06,1,0.85,0.91,0.85,0.73,0.42,0.51,0.36,0.4,0.3,0.47,0.4,0.36,0.49,0.24,0.3,0.38
21,"Douglas-fir retrospective monitoring","Evaluating and optimizing stand selection criteria with retrospective monitoring in fertilized coastal Douglas-fir stands","1919 ; 2020","Hember, R.A.; Axelson, J.N.; Jang, W. Evaluating Coastal Douglas Fir Growth Responses to Nitrogen Application Using Tree Ring Chronologies. Forests 2024, 15, 13. https://doi.org/10.3390/f15010013",TRUE,"Robert.Hember@gov.bc.ca","Jodi.Axelson@gov.bc.ca","X071d",50.037605,-125.501014,"others","Hember, R.A.; Axelson, J.N.; Jang, W.","CA-BC","X071_104_002","PSEUMEN",,"2020-00-00","Live",31.5,23.1,"X071_104_002","core",,,"X071_104_002",,"CooRecorder",TRUE,"CDENDRO & COFECHA",,,15.238,152.38,,1949,2020,,,4.16,3.84,3.05,3.52,6.14,5.14,4.43,2.89,4.43,3.53,4.06,2.59,3.21,2.79,3.62,4.18,2.54,2.69,2.24,2.92,2.35,1.95,1.93,2.08,1.95,2.37,2.21,2.31,2.22,1.63,1.89,2.86,2.75,1.5,1.95,2.08,1.91,1.63,1.95,1.93,1.7,1.82,1.53,2.01,1.93,1.99,2,1.34,1.91,1.36,0.93,0.87,0.98,1.13,1.51,1.26,1.28,1.25,1.27,1.1,0.87,0.89,0.93,1.21,0.89,0.78,0.59,0.42,0.68,1.04,0.85,0.64
21,"Douglas-fir retrospective monitoring","Evaluating and optimizing stand selection criteria with retrospective monitoring in fertilized coastal Douglas-fir stands","1919 ; 2020","Hember, R.A.; Axelson, J.N.; Jang, W. Evaluating Coastal Douglas Fir Growth Responses to Nitrogen Application Using Tree Ring Chronologies. Forests 2024, 15, 13. https://doi.org/10.3390/f15010013",TRUE,"Robert.Hember@gov.bc.ca","Jodi.Axelson@gov.bc.ca","X071d",50.037605,-125.501014,"others","Hember, R.A.; Axelson, J.N.; Jang, W.","CA-BC","X071_104_003","PSEUMEN",,"2020-00-00","Live",34.3,27.2,"X071_104_003","core",,,"X071_104_003",,"CooRecorder",TRUE,"CDENDRO & COFECHA",,,18.767,154.07,33.6,1957,2020,,,,,,,,,,,3.93,4.38,4.23,3.17,3.39,2.94,4.58,4.51,3.54,3.13,3.04,4.02,2.29,3.81,2.93,3.28,3.05,3.73,3.38,4.12,3.29,2.26,2.77,2.42,2.57,1.42,2.24,2.46,2.25,2.05,2.09,2.31,1.81,2.3,1.54,2.18,2.59,2.62,1.57,2.13,1.8,2.04,1.6,1.23,1.47,0.95,2.14,1.56,2.04,1.58,2.06,1.53,1.62,1.69,1.57,1.76,1.52,1.45,1.05,1.13,0.93,1.2,2.15,1.68
21,"Douglas-fir retrospective monitoring","Evaluating and optimizing stand selection criteria with retrospective monitoring in fertilized coastal Douglas-fir stands","1919 ; 2020","Hember, R.A.; Axelson, J.N.; Jang, W. Evaluating Coastal Douglas Fir Growth Responses to Nitrogen Application Using Tree Ring Chronologies. Forests 2024, 15, 13. https://doi.org/10.3390/f15010013",TRUE,"Robert.Hember@gov.bc.ca","Jodi.Axelson@gov.bc.ca","X071d",50.037605,-125.501014,"others","Hember, R.A.; Axelson, J.N.; Jang, W.","CA-BC","X071_104_004","PSEUMEN",,"2020-00-00","Live",27,28.4,"X071_104_004","core",,,"X071_104_004",,"CooRecorder",TRUE,"CDENDRO & COFECHA",,,11.631,106.51,9.8,1952,2020,,,,,,5.08,5.31,4.05,3.51,2.76,3.75,2.98,2.84,2.44,2.44,1.96,1.98,2.22,1.5,1.92,1.67,2.11,1.4,1.72,1.22,1.48,1.56,1.54,1.24,1.24,1.15,0.81,1.09,1.4,1.44,0.91,1.19,1.1,0.85,0.83,1.02,1,0.87,1.21,1.27,1.29,1.29,1,0.98,1.1,1.61,1.44,0.91,1,0.78,1.17,1.04,0.87,1.29,1.04,0.95,1.05,1.02,0.76,1.19,1.25,1.06,1.21,0.67,0.57,0.79,1.21,0.81,1.1
21,"Douglas-fir retrospective monitoring","Evaluating and optimizing stand selection criteria with retrospective monitoring in fertilized coastal Douglas-fir stands","1919 ; 2020","Hember, R.A.; Axelson, J.N.; Jang, W. Evaluating Coastal Douglas Fir Growth Responses to Nitrogen Application Using Tree Ring Chronologies. Forests 2024, 15, 13. https://doi.org/10.3390/f15010013",TRUE,"Robert.Hember@gov.bc.ca","Jodi.Axelson@gov.bc.ca","X071d",50.037605,-125.501014,"others","Hember, R.A.; Axelson, J.N.; Jang, W.","CA-BC","X071_104_005","PSEUMEN",,"2020-00-00","Live",37.5,25.4,"X071_104_005","core",,,"X071_104_005",,"CooRecorder",TRUE,"CDENDRO & COFECHA",,,14.914,140.14,9,1951,2018,,,,,5.48,6.35,6.42,5.98,5.73,3.55,5.05,3.96,4.08,3.7,3.86,3.25,3.29,3.98,2.56,2.73,1.61,2.17,1.07,1.98,1.76,1.91,1.76,2.2,1.79,1.98,1.79,1.25,1.7,2.1,1.86,0.98,1.41,1.43,0.83,0.6,0.45,0.94,1.52,1.47,1.3,1.58,1.16,1.56,1.9,1.54,1.41,1.56,1.89,2.01,1.23,1.26,1.19,1.13,2.24,0.99,1.42,1.19,0.85,0.87,0.7,0.45,0.57,0.72,0.58,0.66,0.68,0.97,,
21,"Douglas-fir retrospective monitoring","Evaluating and optimizing stand selection criteria with retrospective monitoring in fertilized coastal Douglas-fir stands","1919 ; 2020","Hember, R.A.; Axelson, J.N.; Jang, W. Evaluating Coastal Douglas Fir Growth Responses to Nitrogen Application Using Tree Ring Chronologies. Forests 2024, 15, 13. https://doi.org/10.3390/f15010013",TRUE,"Robert.Hember@gov.bc.ca","Jodi.Axelson@gov.bc.ca","X071d",50.037605,-125.501014,"others","Hember, R.A.; Axelson, J.N.; Jang, W.","CA-BC","X071_104_006","PSEUMEN",,"2020-00-00","Live",37.4,26.7,"X071_104_006","core",,,"X071_104_006",,"CooRecorder",TRUE,"CDENDRO & COFECHA",,,16.374,163.74,,1951,2020,,,,,4.4,4.35,6.77,6.42,5.52,3.7,4.98,3.77,4.56,3.31,3.98,4.03,4.45,4.9,2.87,3.3,2.47,2.71,2.2,2.84,2.67,2.99,2.82,3.05,2.39,3.29,2.05,1.89,2.55,2.97,2.58,1.6,1.75,1.9,1.71,2.03,2.28,2.58,2.23,2.08,1.79,2.19,3.47,2.24,2.14,1.49,1.6,1.28,0.77,1.41,0.77,0.62,0.64,0.54,0.55,0.55,0.45,0.64,0.6,0.78,0.96,1.21,0.85,0.91,0.66,0.74,1.01,0.96,1.38,1.6
21,"Douglas-fir retrospective monitoring","Evaluating and optimizing stand selection criteria with retrospective monitoring in fertilized coastal Douglas-fir stands","1919 ; 2020","Hember, R.A.; Axelson, J.N.; Jang, W. Evaluating Coastal Douglas Fir Growth Responses to Nitrogen Application Using Tree Ring Chronologies. Forests 2024, 15, 13. https://doi.org/10.3390/f15010013",TRUE,"Robert.Hember@gov.bc.ca","Jodi.Axelson@gov.bc.ca","X071d",50.037605,-125.501014,"others","Hember, R.A.; Axelson, J.N.; Jang, W.","CA-BC","X071_104_007","PSEUMEN",,"2020-00-00","Live",40.7,29.3,"X071_104_007","core",,,"X071_104_007",,"CooRecorder",TRUE,"CDENDRO & COFECHA",,,17.117,129.67,41.5,1955,2020,,,,,,,,,5.06,3.29,4.06,3.31,3.55,2.94,2.9,3.07,3.58,4.31,2.87,3.51,1.99,2.91,2.76,3.01,2.56,3.13,2.45,2.18,2.05,2.38,1.91,1.52,1.87,1.94,1.79,1.42,1.87,1.93,2.17,1.97,1.7,1.93,2.11,2.21,1.39,1.52,1.61,1.16,1.37,1.35,1.32,1.43,1.09,1.02,0.8,1.06,1.44,1.12,1.78,1.13,1.43,1.31,1.06,1.2,1.06,0.83,0.88,0.77,0.78,0.59,1.08,1.1,1.5,1.28
21,"Douglas-fir retrospective monitoring","Evaluating and optimizing stand selection criteria with retrospective monitoring in fertilized coastal Douglas-fir stands","1919 ; 2020","Hember, R.A.; Axelson, J.N.; Jang, W. Evaluating Coastal Douglas Fir Growth Responses to Nitrogen Application Using Tree Ring Chronologies. Forests 2024, 15, 13. https://doi.org/10.3390/f15010013",TRUE,"Robert.Hember@gov.bc.ca","Jodi.Axelson@gov.bc.ca","X071d",50.037605,-125.501014,"others","Hember, R.A.; Axelson, J.N.; Jang, W.","CA-BC","X071_104_008","PSEUMEN",,"2020-00-00","Live",25.5,24.6,"X071_104_008","core",,,"X071_104_008",,"CooRecorder",TRUE,"CDENDRO & COFECHA",,,10.871,108.71,,1951,2020,,,,,1.88,1.89,3.49,3.47,3.54,3.09,3.86,3.11,3.28,2.82,3.05,2.71,3.56,4.28,2.27,2.97,2.31,2.73,1.74,1.93,2.14,2.5,2.67,1.91,1.76,1.63,1.51,1.12,1.1,1.27,1.36,0.74,0.98,1.08,1.1,0.93,1.21,1.06,1.21,1.35,0.83,1.02,1,1.19,0.8,1.14,0.78,0.66,0.68,0.77,1.02,0.57,0.53,0.61,0.74,0.68,0.8,0.74,0.57,0.68,0.53,0.59,0.95,0.7,0.62,0.51,0.64,0.53,0.58,0.64
